Name,Team,Selection Type,Year
Joe Johnson,Atlanta Hawks,Eastern All-Star Replacement Selection,2007
Joe Johnson,Atlanta Hawks,Eastern All-Star Coaches Selection,2008
Joe Johnson,Atlanta Hawks,Eastern All-Star Coaches Selection,2009
Al Horford,Atlanta Hawks,Eastern All-Star Coaches Selection,2010
Joe Johnson,Atlanta Hawks,Eastern All-Star Coaches Selection,2010
Al Horford,Atlanta Hawks,Eastern All-Star Coaches Selection,2011
Joe Johnson,Atlanta Hawks,Eastern All-Star Coaches Selection,2011
Joe Johnson,Atlanta Hawks,Eastern All-Star Coaches Selection,2012
Paul Millsap,Atlanta Hawks,Eastern All-Star Coaches Selection,2014
Al Horford,Atlanta Hawks,Eastern All-Star Coaches Selection,2015
Kyle Korver,Atlanta Hawks,Eastern All-Star Replacement Selection,2015
Paul Millsap,Atlanta Hawks,Eastern All-Star Coaches Selection,2015
Jeff Teague,Atlanta Hawks,Eastern All-Star Coaches Selection,2015
Al Horford,Atlanta Hawks,Eastern All-Star Replacement Selection,2016
Paul Millsap,Atlanta Hawks,Eastern All-Star Coaches Selection,2016
Paul Millsap,Atlanta Hawks,Eastern All-Star Coaches Selection,2017
Trae Young,Atlanta Hawks,Eastern All-Star Fan Vote Selection,2020
Paul Pierce,Boston Celtics,Eastern All-Star Coaches Selection,2004
Paul Pierce,Boston Celtics,Eastern All-Star Coaches Selection,2005
Paul Pierce,Boston Celtics,Eastern All-Star Coaches Selection,2006
Ray Allen,Boston Celtics,Eastern All-Star Replacement Selection,2008
Kevin Garnett,Boston Celtics,Eastern All-Star Fan Vote Selection,2008
Paul Pierce,Boston Celtics,Eastern All-Star Coaches Selection,2008
Ray Allen,Boston Celtics,Eastern All-Star Replacement Selection,2009
Kevin Garnett,Boston Celtics,Eastern All-Star Fan Vote Selection,2009
Paul Pierce,Boston Celtics,Eastern All-Star Coaches Selection,2009
Kevin Garnett,Boston Celtics,Eastern All-Star Fan Vote Selection,2010
Paul Pierce,Boston Celtics,Eastern All-Star Coaches Selection,2010
Rajon Rondo,Boston Celtics,Eastern All-Star Coaches Selection,2010
Ray Allen,Boston Celtics,Eastern All-Star Coaches Selection,2011
Kevin Garnett,Boston Celtics,Eastern All-Star Coaches Selection,2011
Paul Pierce,Boston Celtics,Eastern All-Star Coaches Selection,2011
Rajon Rondo,Boston Celtics,Eastern All-Star Coaches Selection,2011
Paul Pierce,Boston Celtics,Eastern All-Star Coaches Selection,2012
Rajon Rondo,Boston Celtics,Eastern All-Star Replacement Selection,2012
Kevin Garnett,Boston Celtics,Eastern All-Star Fan Vote Selection,2013
Rajon Rondo,Boston Celtics,Eastern All-Star Fan Vote Selection,2013
Isaiah Thomas,Boston Celtics,Eastern All-Star Coaches Selection,2016
Isaiah Thomas,Boston Celtics,Eastern All-Star Coaches Selection,2017
Al Horford,Boston Celtics,Eastern All-Star Coaches Selection,2018
Kyrie Irving,Boston Celtics,Eastern All-Star Fan Vote Selection,2018
Kyrie Irving,Boston Celtics,Eastern All-Star Fan Vote Selection,2019
Jayson Tatum,Boston Celtics,Eastern All-Star Coaches Selection,2020
Kemba Walker,Boston Celtics,Eastern All-Star Fan Vote Selection,2020
Jason Kidd,Brooklyn Nets,Eastern All-Star Coaches Selection,2004
Kenyon Martin,Brooklyn Nets,Eastern All-Star Coaches Selection,2004
Vince Carter,Brooklyn Nets,Eastern All-Star Fan Vote Selection,2005
Vince Carter,Brooklyn Nets,Eastern All-Star Coaches Selection,2006
Vince Carter,Brooklyn Nets,Eastern All-Star Coaches Selection,2007
Jason Kidd,Brooklyn Nets,Eastern All-Star Coaches Selection,2007
Jason Kidd,Brooklyn Nets,Eastern All-Star Fan Vote Selection,2008
Devin Harris,Brooklyn Nets,Eastern All-Star Coaches Selection,2009
Deron Williams,Brooklyn Nets,Eastern All-Star Coaches Selection,2012
Brook Lopez,Brooklyn Nets,Eastern All-Star Replacement Selection,2013
Joe Johnson,Brooklyn Nets,Eastern All-Star Coaches Selection,2014
D'Angelo Russell,Brooklyn Nets,Eastern All-Star Replacement Selection,2019
Gerald Wallace,Charlotte Hornets,Eastern All-Star Coaches Selection,2010
Kemba Walker,Charlotte Hornets,Eastern All-Star Coaches Selection,2017
Kemba Walker,Charlotte Hornets,Eastern All-Star Replacement Selection,2018
Kemba Walker,Charlotte Hornets,Eastern All-Star Fan Vote Selection,2019
Derrick Rose,Chicago Bulls,Eastern All-Star Coaches Selection,2010
Derrick Rose,Chicago Bulls,Eastern All-Star Fan Vote Selection,2011
Luol Deng,Chicago Bulls,Eastern All-Star Coaches Selection,2012
Derrick Rose,Chicago Bulls,Eastern All-Star Fan Vote Selection,2012
Luol Deng,Chicago Bulls,Eastern All-Star Coaches Selection,2013
Joakim Noah,Chicago Bulls,Eastern All-Star Coaches Selection,2013
Joakim Noah,Chicago Bulls,Eastern All-Star Coaches Selection,2014
Jimmy Butler,Chicago Bulls,Eastern All-Star Coaches Selection,2015
Pau Gasol,Chicago Bulls,Eastern All-Star Fan Vote Selection,2015
Jimmy Butler,Chicago Bulls,Eastern All-Star Coaches Selection,2016
Pau Gasol,Chicago Bulls,Eastern All-Star Replacement Selection,2016
Jimmy Butler,Chicago Bulls,Eastern All-Star Fan Vote Selection,2017
Zydrunas Ilgauskas,Cleveland Cavaliers,Eastern All-Star Coaches Selection,2005
LeBron James,Cleveland Cavaliers,Eastern All-Star Fan Vote Selection,2005
LeBron James,Cleveland Cavaliers,Eastern All-Star Fan Vote Selection,2006
LeBron James,Cleveland Cavaliers,Eastern All-Star Fan Vote Selection,2007
LeBron James,Cleveland Cavaliers,Eastern All-Star Fan Vote Selection,2008
LeBron James,Cleveland Cavaliers,Eastern All-Star Fan Vote Selection,2009
Mo Williams,Cleveland Cavaliers,Eastern All-Star Replacement Selection,2009
LeBron James,Cleveland Cavaliers,Eastern All-Star Fan Vote Selection,2010
Kyrie Irving,Cleveland Cavaliers,Eastern All-Star Coaches Selection,2013
Kyrie Irving,Cleveland Cavaliers,Eastern All-Star Fan Vote Selection,2014
Kyrie Irving,Cleveland Cavaliers,Eastern All-Star Coaches Selection,2015
LeBron James,Cleveland Cavaliers,Eastern All-Star Fan Vote Selection,2015
LeBron James,Cleveland Cavaliers,Eastern All-Star Fan Vote Selection,2016
Kyrie Irving,Cleveland Cavaliers,Eastern All-Star Fan Vote Selection,2017
LeBron James,Cleveland Cavaliers,Eastern All-Star Fan Vote Selection,2017
Kevin Love,Cleveland Cavaliers,Eastern All-Star Coaches Selection,2017
LeBron James,Cleveland Cavaliers,Eastern All-Star Fan Vote Selection,2018
Kevin Love,Cleveland Cavaliers,Eastern All-Star Coaches Selection,2018
Dirk Nowitzki,Dallas Mavericks,Western All-Star Coaches Selection,2004
Dirk Nowitzki,Dallas Mavericks,Western All-Star Coaches Selection,2005
Dirk Nowitzki,Dallas Mavericks,Western All-Star Coaches Selection,2006
Josh Howard,Dallas Mavericks,Western All-Star Replacement Selection,2007
Dirk Nowitzki,Dallas Mavericks,Western All-Star Coaches Selection,2007
Dirk Nowitzki,Dallas Mavericks,Western All-Star Coaches Selection,2008
Dirk Nowitzki,Dallas Mavericks,Western All-Star Coaches Selection,2009
Jason Kidd,Dallas Mavericks,Western All-Star Replacement Selection,2010
Dirk Nowitzki,Dallas Mavericks,Western All-Star Coaches Selection,2010
Dirk Nowitzki,Dallas Mavericks,Western All-Star Coaches Selection,2011
Dirk Nowitzki,Dallas Mavericks,Western All-Star Coaches Selection,2012
Dirk Nowitzki,Dallas Mavericks,Western All-Star Coaches Selection,2014
Dirk Nowitzki,Dallas Mavericks,Western All-Star Replacement Selection,2015
Dirk Nowitzki,Dallas Mavericks,Western All-Star Replacement Selection,2019
Luka Doncic,Dallas Mavericks,Western All-Star Fan Vote Selection,2020
Carmelo Anthony,Denver Nuggets,Western All-Star Replacement Selection,2007
Allen Iverson,Denver Nuggets,Western All-Star Coaches Selection,2007
Carmelo Anthony,Denver Nuggets,Western All-Star Fan Vote Selection,2008
Allen Iverson,Denver Nuggets,Western All-Star Fan Vote Selection,2008
Chauncey Billups,Denver Nuggets,Western All-Star Coaches Selection,2009
Carmelo Anthony,Denver Nuggets,Western All-Star Fan Vote Selection,2010
Chauncey Billups,Denver Nuggets,Western All-Star Replacement Selection,2010
Carmelo Anthony,Denver Nuggets,Western All-Star Fan Vote Selection,2011
Nikola Jokic,Denver Nuggets,Western All-Star Coaches Selection,2019
Nikola Jokic,Denver Nuggets,Western All-Star Coaches Selection,2020
Ben Wallace,Detroit Pistons,Eastern All-Star Fan Vote Selection,2004
Ben Wallace,Detroit Pistons,Eastern All-Star Coaches Selection,2005
Chauncey Billups,Detroit Pistons,Eastern All-Star Coaches Selection,2006
Richard Hamilton,Detroit Pistons,Eastern All-Star Coaches Selection,2006
Ben Wallace,Detroit Pistons,Eastern All-Star Coaches Selection,2006
Rasheed Wallace,Detroit Pistons,Eastern All-Star Coaches Selection,2006
Chauncey Billups,Detroit Pistons,Eastern All-Star Coaches Selection,2007
Richard Hamilton,Detroit Pistons,Eastern All-Star Coaches Selection,2007
Chauncey Billups,Detroit Pistons,Eastern All-Star Coaches Selection,2008
Richard Hamilton,Detroit Pistons,Eastern All-Star Coaches Selection,2008
Rasheed Wallace,Detroit Pistons,Eastern All-Star Replacement Selection,2008
Allen Iverson,Detroit Pistons,Eastern All-Star Fan Vote Selection,2009
Andre Drummond,Detroit Pistons,Eastern All-Star Coaches Selection,2016
Andre Drummond,Detroit Pistons,Eastern All-Star Replacement Selection,2018
Blake Griffin,Detroit Pistons,Eastern All-Star Coaches Selection,2019
David Lee,Golden State Warriors,Western All-Star Coaches Selection,2013
Stephen Curry,Golden State Warriors,Western All-Star Fan Vote Selection,2014
Stephen Curry,Golden State Warriors,Western All-Star Fan Vote Selection,2015
Klay Thompson,Golden State Warriors,Western All-Star Coaches Selection,2015
Stephen Curry,Golden State Warriors,Western All-Star Fan Vote Selection,2016
Draymond Green,Golden State Warriors,Western All-Star Coaches Selection,2016
Klay Thompson,Golden State Warriors,Western All-Star Coaches Selection,2016
Stephen Curry,Golden State Warriors,Western All-Star Fan Vote Selection,2017
Kevin Durant,Golden State Warriors,Western All-Star Fan Vote Selection,2017
Draymond Green,Golden State Warriors,Western All-Star Coaches Selection,2017
Klay Thompson,Golden State Warriors,Western All-Star Coaches Selection,2017
Stephen Curry,Golden State Warriors,Western All-Star Fan Vote Selection,2018
Draymond Green,Golden State Warriors,Western All-Star Coaches Selection,2018
Klay Thompson,Golden State Warriors,Western All-Star Coaches Selection,2018
Kevin Durant,Golden State Warriors,Western All-Star Fan Vote Selection,2018
Kevin Durant,Golden State Warriors,Western All-Star Fan Vote Selection,2019
Klay Thompson,Golden State Warriors,Western All-Star Coaches Selection,2019
Stephen Curry,Golden State Warriors,Western All-Star Fan Vote Selection,2019
Steve Francis,Houston Rockets,Western All-Star Fan Vote Selection,2004
Yao Ming,Houston Rockets,Western All-Star Fan Vote Selection,2004
Tracy McGrady,Houston Rockets,Western All-Star Fan Vote Selection,2005
Yao Ming,Houston Rockets,Western All-Star Fan Vote Selection,2005
Tracy McGrady,Houston Rockets,Western All-Star Fan Vote Selection,2006
Yao Ming,Houston Rockets,Western All-Star Fan Vote Selection,2006
Tracy McGrady,Houston Rockets,Western All-Star Fan Vote Selection,2007
Yao Ming,Houston Rockets,Western All-Star Fan Vote Selection,2007
Yao Ming,Houston Rockets,Western All-Star Fan Vote Selection,2008
Yao Ming,Houston Rockets,Western All-Star Fan Vote Selection,2009
Yao Ming,Houston Rockets,Western All-Star Fan Vote Selection,2011
James Harden,Houston Rockets,Western All-Star Coaches Selection,2013
James Harden,Houston Rockets,Western All-Star Coaches Selection,2014
Dwight Howard,Houston Rockets,Western All-Star Coaches Selection,2014
James Harden,Houston Rockets,Western All-Star Coaches Selection,2015
James Harden,Houston Rockets,Western All-Star Coaches Selection,2016
James Harden,Houston Rockets,Western All-Star Fan Vote Selection,2017
James Harden,Houston Rockets,Western All-Star Fan Vote Selection,2018
James Harden,Houston Rockets,Western All-Star Fan Vote Selection,2019
James Harden,Houston Rockets,Western All-Star Fan Vote Selection,2020
Russell Westbrook,Houston Rockets,Western All-Star Coaches Selection,2020
Jermaine O'Neal,Indiana Pacers,Eastern All-Star Fan Vote Selection,2004
Metta World Peace,Indiana Pacers,Eastern All-Star Coaches Selection,2004
Jermaine O'Neal,Indiana Pacers,Eastern All-Star Coaches Selection,2005
Jermaine O'Neal,Indiana Pacers,Eastern All-Star Fan Vote Selection,2006
Jermaine O'Neal,Indiana Pacers,Eastern All-Star Coaches Selection,2007
Danny Granger,Indiana Pacers,Eastern All-Star Coaches Selection,2009
Roy Hibbert,Indiana Pacers,Eastern All-Star Coaches Selection,2012
Paul George,Indiana Pacers,Eastern All-Star Coaches Selection,2013
Paul George,Indiana Pacers,Eastern All-Star Fan Vote Selection,2014
Roy Hibbert,Indiana Pacers,Eastern All-Star Coaches Selection,2014
Paul George,Indiana Pacers,Eastern All-Star Fan Vote Selection,2016
Paul George,Indiana Pacers,Eastern All-Star Coaches Selection,2017
Victor Oladipo,Indiana Pacers,Eastern All-Star Coaches Selection,2018
Victor Oladipo,Indiana Pacers,Eastern All-Star Coaches Selection,2019
Domantas Sabonis,Indiana Pacers,Eastern All-Star Coaches Selection,2020
Elton Brand,Los Angeles Clippers,Western All-Star Coaches Selection,2006
Chris Kaman,Los Angeles Clippers,Western All-Star Replacement Selection,2010
Blake Griffin,Los Angeles Clippers,Western All-Star Coaches Selection,2011
Blake Griffin,Los Angeles Clippers,Western All-Star Fan Vote Selection,2012
Chris Paul,Los Angeles Clippers,Western All-Star Fan Vote Selection,2012
Blake Griffin,Los Angeles Clippers,Western All-Star Fan Vote Selection,2013
Chris Paul,Los Angeles Clippers,Western All-Star Fan Vote Selection,2013
Blake Griffin,Los Angeles Clippers,Western All-Star Fan Vote Selection,2014
Chris Paul,Los Angeles Clippers,Western All-Star Coaches Selection,2014
Blake Griffin,Los Angeles Clippers,Western All-Star Fan Vote Selection,2015
Chris Paul,Los Angeles Clippers,Western All-Star Coaches Selection,2015
Chris Paul,Los Angeles Clippers,Western All-Star Coaches Selection,2016
DeAndre Jordan,Los Angeles Clippers,Western All-Star Coaches Selection,2017
Kawhi Leonard,Los Angeles Clippers,Western All-Star Fan Vote Selection,2020
Kobe Bryant,Los Angeles Lakers,Western All-Star Fan Vote Selection,2004
Shaquille O'Neal,Los Angeles Lakers,Western All-Star Coaches Selection,2004
Kobe Bryant,Los Angeles Lakers,Western All-Star Fan Vote Selection,2005
Kobe Bryant,Los Angeles Lakers,Western All-Star Fan Vote Selection,2006
Kobe Bryant,Los Angeles Lakers,Western All-Star Fan Vote Selection,2007
Kobe Bryant,Los Angeles Lakers,Western All-Star Fan Vote Selection,2008
Kobe Bryant,Los Angeles Lakers,Western All-Star Fan Vote Selection,2009
Pau Gasol,Los Angeles Lakers,Western All-Star Coaches Selection,2009
Kobe Bryant,Los Angeles Lakers,Western All-Star Fan Vote Selection,2010
Pau Gasol,Los Angeles Lakers,Western All-Star Coaches Selection,2010
Kobe Bryant,Los Angeles Lakers,Western All-Star Fan Vote Selection,2011
Pau Gasol,Los Angeles Lakers,Western All-Star Coaches Selection,2011
Kobe Bryant,Los Angeles Lakers,Western All-Star Fan Vote Selection,2012
Andrew Bynum,Los Angeles Lakers,Western All-Star Fan Vote Selection,2012
Kobe Bryant,Los Angeles Lakers,Western All-Star Fan Vote Selection,2013
Dwight Howard,Los Angeles Lakers,Western All-Star Fan Vote Selection,2013
Kobe Bryant,Los Angeles Lakers,Western All-Star Fan Vote Selection,2014
Kobe Bryant,Los Angeles Lakers,Western All-Star Fan Vote Selection,2015
Kobe Bryant,Los Angeles Lakers,Western All-Star Fan Vote Selection,2016
LeBron James,Los Angeles Lakers,Western All-Star Fan Vote Selection,2019
Anthony Davis,Los Angeles Lakers,Western All-Star Fan Vote Selection,2020
LeBron James,Los Angeles Lakers,Western All-Star Fan Vote Selection,2020
Pau Gasol,Memphis Grizzlies,Western All-Star Coaches Selection,2006
Zach Randolph,Memphis Grizzlies,Western All-Star Coaches Selection,2010
Marc Gasol,Memphis Grizzlies,Western All-Star Coaches Selection,2012
Zach Randolph,Memphis Grizzlies,Western All-Star Coaches Selection,2013
Marc Gasol,Memphis Grizzlies,Western All-Star Fan Vote Selection,2015
Marc Gasol,Memphis Grizzlies,Western All-Star Coaches Selection,2017
Shaquille O'Neal,Miami Heat,Eastern All-Star Fan Vote Selection,2005
Dwyane Wade,Miami Heat,Eastern All-Star Coaches Selection,2005
Shaquille O'Neal,Miami Heat,Eastern All-Star Fan Vote Selection,2006
Dwyane Wade,Miami Heat,Eastern All-Star Fan Vote Selection,2006
Shaquille O'Neal,Miami Heat,Eastern All-Star Fan Vote Selection,2007
Dwyane Wade,Miami Heat,Eastern All-Star Fan Vote Selection,2007
Dwyane Wade,Miami Heat,Eastern All-Star Fan Vote Selection,2008
Dwyane Wade,Miami Heat,Eastern All-Star Fan Vote Selection,2009
Dwyane Wade,Miami Heat,Eastern All-Star Fan Vote Selection,2010
Chris Bosh,Miami Heat,Eastern All-Star Coaches Selection,2011
LeBron James,Miami Heat,Eastern All-Star Fan Vote Selection,2011
Dwyane Wade,Miami Heat,Eastern All-Star Fan Vote Selection,2011
Chris Bosh,Miami Heat,Eastern All-Star Coaches Selection,2012
LeBron James,Miami Heat,Eastern All-Star Fan Vote Selection,2012
Dwyane Wade,Miami Heat,Eastern All-Star Fan Vote Selection,2012
Chris Bosh,Miami Heat,Eastern All-Star Coaches Selection,2013
LeBron James,Miami Heat,Eastern All-Star Fan Vote Selection,2013
Dwyane Wade,Miami Heat,Eastern All-Star Fan Vote Selection,2013
Chris Bosh,Miami Heat,Eastern All-Star Coaches Selection,2014
LeBron James,Miami Heat,Eastern All-Star Fan Vote Selection,2014
Dwyane Wade,Miami Heat,Eastern All-Star Fan Vote Selection,2014
Chris Bosh,Miami Heat,Eastern All-Star Coaches Selection,2015
Dwyane Wade,Miami Heat,Eastern All-Star Coaches Selection,2015
Chris Bosh,Miami Heat,Eastern All-Star Coaches Selection,2016
Dwyane Wade,Miami Heat,Eastern All-Star Fan Vote Selection,2016
Goran Dragic,Miami Heat,Eastern All-Star Replacement Selection,2018
Dwyane Wade,Miami Heat,Eastern All-Star Replacement Selection,2019
Bam Adebayo,Miami Heat,Eastern All-Star Coaches Selection,2020
Jimmy Butler,Miami Heat,Eastern All-Star Coaches Selection,2020
Michael Redd,Milwaukee Bucks,Eastern All-Star Coaches Selection,2004
Giannis Antetokounmpo,Milwaukee Bucks,Eastern All-Star Fan Vote Selection,2017
Giannis Antetokounmpo,Milwaukee Bucks,Eastern All-Star Fan Vote Selection,2018
Giannis Antetokounmpo,Milwaukee Bucks,Eastern All-Star Fan Vote Selection,2019
Khris Middleton,Milwaukee Bucks,Eastern All-Star Coaches Selection,2019
Giannis Antetokounmpo,Milwaukee Bucks,Eastern All-Star Fan Vote Selection,2020
Khris Middleton,Milwaukee Bucks,Eastern All-Star Coaches Selection,2020
Sam Cassell,Minnesota Timberwolves,Western All-Star Coaches Selection,2004
Kevin Garnett,Minnesota Timberwolves,Western All-Star Fan Vote Selection,2004
Kevin Garnett,Minnesota Timberwolves,Western All-Star Fan Vote Selection,2005
Kevin Garnett,Minnesota Timberwolves,Western All-Star Coaches Selection,2006
Kevin Garnett,Minnesota Timberwolves,Western All-Star Fan Vote Selection,2007
Kevin Love,Minnesota Timberwolves,Western All-Star Replacement Selection,2011
Kevin Love,Minnesota Timberwolves,Western All-Star Coaches Selection,2012
Kevin Love,Minnesota Timberwolves,Western All-Star Fan Vote Selection,2014
Jimmy Butler,Minnesota Timberwolves,Western All-Star Coaches Selection,2018
Karl-Anthony Towns,Minnesota Timberwolves,Western All-Star Coaches Selection,2018
Karl-Anthony Towns,Minnesota Timberwolves,Western All-Star Coaches Selection,2019
Baron Davis,New Orleans Pelicans,Eastern All-Star Coaches Selection,2004
Jamaal Magloire,New Orleans Pelicans,Eastern All-Star Coaches Selection,2004
Chris Paul,New Orleans Pelicans,Western All-Star Coaches Selection,2008
David West,New Orleans Pelicans,Western All-Star Coaches Selection,2008
Chris Paul,New Orleans Pelicans,Western All-Star Fan Vote Selection,2009
David West,New Orleans Pelicans,Western All-Star Coaches Selection,2009
Chris Paul,New Orleans Pelicans,Western All-Star Coaches Selection,2010
Chris Paul,New Orleans Pelicans,Western All-Star Fan Vote Selection,2011
Anthony Davis,New Orleans Pelicans,Western All-Star Replacement Selection,2014
Anthony Davis,New Orleans Pelicans,Western All-Star Fan Vote Selection,2015
Anthony Davis,New Orleans Pelicans,Western All-Star Coaches Selection,2016
Anthony Davis,New Orleans Pelicans,Western All-Star Fan Vote Selection,2017
DeMarcus Cousins,New Orleans Pelicans,Western All-Star Fan Vote Selection,2018
Anthony Davis,New Orleans Pelicans,Western All-Star Fan Vote Selection,2018
Anthony Davis,New Orleans Pelicans,Western All-Star Coaches Selection,2019
Brandon Ingram,New Orleans Pelicans,Western All-Star Coaches Selection,2020
David Lee,New York Knicks,Eastern All-Star Replacement Selection,2010
Amar'e Stoudemire,New York Knicks,Eastern All-Star Fan Vote Selection,2011
Carmelo Anthony,New York Knicks,Eastern All-Star Fan Vote Selection,2012
Carmelo Anthony,New York Knicks,Eastern All-Star Fan Vote Selection,2013
Tyson Chandler,New York Knicks,Eastern All-Star Coaches Selection,2013
Carmelo Anthony,New York Knicks,Eastern All-Star Fan Vote Selection,2014
Carmelo Anthony,New York Knicks,Eastern All-Star Fan Vote Selection,2015
Carmelo Anthony,New York Knicks,Eastern All-Star Fan Vote Selection,2016
Carmelo Anthony,New York Knicks,Eastern All-Star Replacement Selection,2017
Kristaps Porzingis,New York Knicks,Eastern All-Star Coaches Selection,2018
Ray Allen,Oklahoma City Thunder,Western All-Star Coaches Selection,2004
Ray Allen,Oklahoma City Thunder,Western All-Star Coaches Selection,2005
Rashard Lewis,Oklahoma City Thunder,Western All-Star Coaches Selection,2005
Ray Allen,Oklahoma City Thunder,Western All-Star Coaches Selection,2006
Ray Allen,Oklahoma City Thunder,Western All-Star Replacement Selection,2007
Kevin Durant,Oklahoma City Thunder,Western All-Star Coaches Selection,2010
Kevin Durant,Oklahoma City Thunder,Western All-Star Fan Vote Selection,2011
Russell Westbrook,Oklahoma City Thunder,Western All-Star Coaches Selection,2011
Kevin Durant,Oklahoma City Thunder,Western All-Star Fan Vote Selection,2012
Russell Westbrook,Oklahoma City Thunder,Western All-Star Coaches Selection,2012
Kevin Durant,Oklahoma City Thunder,Western All-Star Fan Vote Selection,2013
Russell Westbrook,Oklahoma City Thunder,Western All-Star Coaches Selection,2013
Kevin Durant,Oklahoma City Thunder,Western All-Star Fan Vote Selection,2014
Kevin Durant,Oklahoma City Thunder,Western All-Star Coaches Selection,2015
Russell Westbrook,Oklahoma City Thunder,Western All-Star Coaches Selection,2015
Kevin Durant,Oklahoma City Thunder,Western All-Star Fan Vote Selection,2016
Russell Westbrook,Oklahoma City Thunder,Western All-Star Fan Vote Selection,2016
Russell Westbrook,Oklahoma City Thunder,Western All-Star Coaches Selection,2017
Paul George,Oklahoma City Thunder,Western All-Star Replacement Selection,2018
Russell Westbrook,Oklahoma City Thunder,Western All-Star Coaches Selection,2018
Paul George,Oklahoma City Thunder,Western All-Star Fan Vote Selection,2019
Russell Westbrook,Oklahoma City Thunder,Western All-Star Coaches Selection,2019
Chris Paul,Oklahoma City Thunder,Western All-Star Coaches Selection,2020
Tracy McGrady,Orlando Magic,Eastern All-Star Fan Vote Selection,2004
Grant Hill,Orlando Magic,Eastern All-Star Fan Vote Selection,2005
Dwight Howard,Orlando Magic,Eastern All-Star Coaches Selection,2007
Dwight Howard,Orlando Magic,Eastern All-Star Fan Vote Selection,2008
Dwight Howard,Orlando Magic,Eastern All-Star Fan Vote Selection,2009
Rashard Lewis,Orlando Magic,Eastern All-Star Coaches Selection,2009
Jameer Nelson,Orlando Magic,Eastern All-Star Coaches Selection,2009
Dwight Howard,Orlando Magic,Eastern All-Star Fan Vote Selection,2010
Dwight Howard,Orlando Magic,Eastern All-Star Fan Vote Selection,2011
Dwight Howard,Orlando Magic,Eastern All-Star Fan Vote Selection,2012
Nikola Vucevic,Orlando Magic,Eastern All-Star Coaches Selection,2019
Allen Iverson,Philadelphia Sixers,Eastern All-Star Fan Vote Selection,2004
Allen Iverson,Philadelphia Sixers,Eastern All-Star Fan Vote Selection,2005
Allen Iverson,Philadelphia Sixers,Eastern All-Star Fan Vote Selection,2006
Allen Iverson,Philadelphia Sixers,Eastern All-Star Fan Vote Selection,2010
Andre Iguodala,Philadelphia Sixers,Eastern All-Star Coaches Selection,2012
Jrue Holiday,Philadelphia Sixers,Eastern All-Star Coaches Selection,2013
Joel Embiid,Philadelphia Sixers,Eastern All-Star Fan Vote Selection,2018
Ben Simmons,Philadelphia Sixers,Eastern All-Star Coaches Selection,2019
Joel Embiid,Philadelphia Sixers,Eastern All-Star Fan Vote Selection,2019
Ben Simmons,Philadelphia Sixers,Eastern All-Star Coaches Selection,2020
Joel Embiid,Philadelphia Sixers,Eastern All-Star Fan Vote Selection,2020
Shawn Marion,Phoenix Suns,Western All-Star Coaches Selection,2005
Steve Nash,Phoenix Suns,Western All-Star Coaches Selection,2005
Amar'e Stoudemire,Phoenix Suns,Western All-Star Coaches Selection,2005
Shawn Marion,Phoenix Suns,Western All-Star Coaches Selection,2006
Steve Nash,Phoenix Suns,Western All-Star Fan Vote Selection,2006
Shawn Marion,Phoenix Suns,Western All-Star Coaches Selection,2007
Steve Nash,Phoenix Suns,Western All-Star Coaches Selection,2007
Amar'e Stoudemire,Phoenix Suns,Western All-Star Coaches Selection,2007
Steve Nash,Phoenix Suns,Western All-Star Coaches Selection,2008
Amar'e Stoudemire,Phoenix Suns,Western All-Star Coaches Selection,2008
Shaquille O'Neal,Phoenix Suns,Western All-Star Coaches Selection,2009
Amar'e Stoudemire,Phoenix Suns,Western All-Star Fan Vote Selection,2009
Steve Nash,Phoenix Suns,Western All-Star Fan Vote Selection,2010
Amar'e Stoudemire,Phoenix Suns,Western All-Star Fan Vote Selection,2010
Steve Nash,Phoenix Suns,Western All-Star Coaches Selection,2012
Devin Booker,Phoenix Suns,Western All-Star Replacement Selection,2020
Brandon Roy,Portland Trail Blazers,Western All-Star Coaches Selection,2008
Brandon Roy,Portland Trail Blazers,Western All-Star Coaches Selection,2009
Brandon Roy,Portland Trail Blazers,Western All-Star Coaches Selection,2010
LaMarcus Aldridge,Portland Trail Blazers,Western All-Star Coaches Selection,2012
LaMarcus Aldridge,Portland Trail Blazers,Western All-Star Coaches Selection,2013
LaMarcus Aldridge,Portland Trail Blazers,Western All-Star Coaches Selection,2014
Damian Lillard,Portland Trail Blazers,Western All-Star Coaches Selection,2014
LaMarcus Aldridge,Portland Trail Blazers,Western All-Star Coaches Selection,2015
Damian Lillard,Portland Trail Blazers,Western All-Star Replacement Selection,2015
Damian Lillard,Portland Trail Blazers,Western All-Star Coaches Selection,2018
Damian Lillard,Portland Trail Blazers,Western All-Star Coaches Selection,2019
Damian Lillard,Portland Trail Blazers,Western All-Star Coaches Selection,2020
Brad Miller,Sacramento Kings,Western All-Star Coaches Selection,2004
Peja Stojakovic,Sacramento Kings,Western All-Star Coaches Selection,2004
DeMarcus Cousins,Sacramento Kings,Western All-Star Replacement Selection,2015
DeMarcus Cousins,Sacramento Kings,Western All-Star Coaches Selection,2016
DeMarcus Cousins,Sacramento Kings,Western All-Star Coaches Selection,2017
Tim Duncan,San Antonio Spurs,Western All-Star Fan Vote Selection,2004
Tim Duncan,San Antonio Spurs,Western All-Star Fan Vote Selection,2005
Manu Ginobili,San Antonio Spurs,Western All-Star Coaches Selection,2005
Tim Duncan,San Antonio Spurs,Western All-Star Fan Vote Selection,2006
Tony Parker,San Antonio Spurs,Western All-Star Coaches Selection,2006
Tim Duncan,San Antonio Spurs,Western All-Star Fan Vote Selection,2007
Tony Parker,San Antonio Spurs,Western All-Star Coaches Selection,2007
Tim Duncan,San Antonio Spurs,Western All-Star Fan Vote Selection,2008
Tim Duncan,San Antonio Spurs,Western All-Star Fan Vote Selection,2009
Tony Parker,San Antonio Spurs,Western All-Star Coaches Selection,2009
Tim Duncan,San Antonio Spurs,Western All-Star Fan Vote Selection,2010
Tim Duncan,San Antonio Spurs,Western All-Star Coaches Selection,2011
Manu Ginobili,San Antonio Spurs,Western All-Star Coaches Selection,2011
Tony Parker,San Antonio Spurs,Western All-Star Coaches Selection,2012
Tim Duncan,San Antonio Spurs,Western All-Star Coaches Selection,2013
Tony Parker,San Antonio Spurs,Western All-Star Coaches Selection,2013
Tony Parker,San Antonio Spurs,Western All-Star Coaches Selection,2014
Tim Duncan,San Antonio Spurs,Western All-Star Coaches Selection,2015
LaMarcus Aldridge,San Antonio Spurs,Western All-Star Coaches Selection,2016
Kawhi Leonard,San Antonio Spurs,Western All-Star Fan Vote Selection,2016
Kawhi Leonard,San Antonio Spurs,Western All-Star Fan Vote Selection,2017
LaMarcus Aldridge,San Antonio Spurs,Western All-Star Coaches Selection,2018
LaMarcus Aldridge,San Antonio Spurs,Western All-Star Coaches Selection,2019
Vince Carter,Toronto Raptors,Eastern All-Star Fan Vote Selection,2004
Chris Bosh,Toronto Raptors,Eastern All-Star Coaches Selection,2006
Chris Bosh,Toronto Raptors,Eastern All-Star Fan Vote Selection,2007
Chris Bosh,Toronto Raptors,Eastern All-Star Coaches Selection,2008
Chris Bosh,Toronto Raptors,Eastern All-Star Coaches Selection,2009
Chris Bosh,Toronto Raptors,Eastern All-Star Coaches Selection,2010
DeMar DeRozan,Toronto Raptors,Eastern All-Star Coaches Selection,2014
Kyle Lowry,Toronto Raptors,Eastern All-Star Fan Vote Selection,2015
DeMar DeRozan,Toronto Raptors,Eastern All-Star Coaches Selection,2016
Kyle Lowry,Toronto Raptors,Eastern All-Star Fan Vote Selection,2016
DeMar DeRozan,Toronto Raptors,Eastern All-Star Fan Vote Selection,2017
Kyle Lowry,Toronto Raptors,Eastern All-Star Coaches Selection,2017
DeMar DeRozan,Toronto Raptors,Eastern All-Star Fan Vote Selection,2018
Kyle Lowry,Toronto Raptors,Eastern All-Star Coaches Selection,2018
Kawhi Leonard,Toronto Raptors,Eastern All-Star Fan Vote Selection,2019
Kyle Lowry,Toronto Raptors,Eastern All-Star Coaches Selection,2019
Kyle Lowry,Toronto Raptors,Eastern All-Star Coaches Selection,2020
Pascal Siakam,Toronto Raptors,Eastern All-Star Fan Vote Selection,2020
Andrei Kirilenko,Utah Jazz,Western All-Star Coaches Selection,2004
Carlos Boozer,Utah Jazz,Western All-Star Coaches Selection,2007
Mehmet Okur,Utah Jazz,Western All-Star Replacement Selection,2007
Carlos Boozer,Utah Jazz,Western All-Star Coaches Selection,2008
Deron Williams,Utah Jazz,Western All-Star Coaches Selection,2010
Deron Williams,Utah Jazz,Western All-Star Coaches Selection,2011
Gordon Hayward,Utah Jazz,Western All-Star Coaches Selection,2017
Rudy Gobert,Utah Jazz,Western All-Star Coaches Selection,2020
Donovan Mitchell,Utah Jazz,Western All-Star Coaches Selection,2020
Gilbert Arenas,Washington Wizards,Eastern All-Star Coaches Selection,2005
Antawn Jamison,Washington Wizards,Eastern All-Star Coaches Selection,2005
Gilbert Arenas,Washington Wizards,Eastern All-Star Replacement Selection,2006
Gilbert Arenas,Washington Wizards,Eastern All-Star Fan Vote Selection,2007
Caron Butler,Washington Wizards,Eastern All-Star Coaches Selection,2007
Caron Butler,Washington Wizards,Eastern All-Star Coaches Selection,2008
Antawn Jamison,Washington Wizards,Eastern All-Star Coaches Selection,2008
John Wall,Washington Wizards,Eastern All-Star Coaches Selection,2014
John Wall,Washington Wizards,Eastern All-Star Fan Vote Selection,2015
John Wall,Washington Wizards,Eastern All-Star Coaches Selection,2016
John Wall,Washington Wizards,Eastern All-Star Coaches Selection,2017
Bradley Beal,Washington Wizards,Eastern All-Star Coaches Selection,2018
John Wall,Washington Wizards,Eastern All-Star Coaches Selection,2018
Bradley Beal,Washington Wizards,Eastern All-Star Coaches Selection,2019
